{"cameraMode":{"drawMode":0,"name":"Shaded","section":"Shading Mode"},"sceneLighting":false,"audioPlay":false,"sceneViewState":{"m_AlwaysRefresh":false,"showFog":true,"showSkybox":false,"showFlares":true,"showImageEffects":true,"showParticleSystems":true,"showVisualEffectGraphs":true,"m_FxEnabled":true},"in2DMode":false,"pivot":{"x":-6.77547550201416,"y":-0.5257956981658936,"z":0.02656346559524536},"rotation":{"x":0.052165716886520389,"y":-0.7905899882316589,"z":0.06800316274166107,"w":0.6063702702522278},"size":5.521416187286377,"orthographic":false}