{"cameraMode":{"drawMode":0,"name":"Shaded","section":"Shading Mode"},"sceneLighting":false,"audioPlay":false,"sceneViewState":{"m_AlwaysRefresh":false,"showFog":true,"showSkybox":false,"showFlares":true,"showImageEffects":true,"showParticleSystems":true,"showVisualEffectGraphs":true,"m_FxEnabled":true},"in2DMode":false,"pivot":{"x":-0.15069660544395448,"y":-1.2322943210601807,"z":-1.6404650211334229},"rotation":{"x":0.1332370936870575,"y":-0.8024824261665344,"z":0.19658464193344117,"w":0.5477986335754395},"size":3.8200135231018068,"orthographic":false}