{"cameraMode":{"drawMode":0,"name":"Shaded","section":"Shading Mode"},"sceneLighting":false,"audioPlay":false,"sceneViewState":{"m_AlwaysRefresh":false,"showFog":true,"showSkybox":false,"showFlares":true,"showImageEffects":true,"showParticleSystems":true,"showVisualEffectGraphs":true,"m_FxEnabled":true},"in2DMode":false,"pivot":{"x":2.7933123111724855,"y":4.7632904052734379,"z":14.69434928894043},"rotation":{"x":0.045403119176626208,"y":-0.5108762383460999,"z":-0.026927562430500985,"w":-0.8587055206298828},"size":2.661064386367798,"orthographic":false}