{"cameraMode":{"drawMode":0,"name":"Shaded","section":"Shading Mode"},"sceneLighting":false,"audioPlay":false,"sceneViewState":{"m_AlwaysRefresh":false,"showFog":true,"showSkybox":false,"showFlares":true,"showImageEffects":true,"showParticleSystems":true,"showVisualEffectGraphs":true,"m_FxEnabled":true},"in2DMode":false,"pivot":{"x":2.805248975753784,"y":-0.15306872129440309,"z":-7.180901527404785},"rotation":{"x":0.008086812682449818,"y":0.9902727007865906,"z":-0.06972866505384445,"w":0.12397599965333939},"size":5.787919521331787,"orthographic":false}