{"cameraMode":{"drawMode":0,"name":"Shaded","section":"Shading Mode"},"sceneLighting":false,"audioPlay":false,"sceneViewState":{"m_AlwaysRefresh":false,"showFog":true,"showSkybox":false,"showFlares":true,"showImageEffects":true,"showParticleSystems":true,"showVisualEffectGraphs":true,"m_FxEnabled":true},"in2DMode":false,"pivot":{"x":0.4377749264240265,"y":30.50240707397461,"z":4.2028093338012699},"rotation":{"x":0.010203229263424874,"y":0.9871994256973267,"z":-0.14345727860927583,"w":0.07002709060907364},"size":3.053277015686035,"orthographic":false}