{"cameraMode":{"drawMode":0,"name":"Shaded","section":"Shading Mode"},"sceneLighting":true,"audioPlay":false,"sceneViewState":{"m_AlwaysRefresh":false,"showFog":true,"showSkybox":true,"showFlares":true,"showImageEffects":true,"showParticleSystems":true,"showVisualEffectGraphs":true,"m_FxEnabled":true},"in2DMode":false,"pivot":{"x":7.653831481933594,"y":30.997108459472658,"z":9.490686416625977},"rotation":{"x":0.010584119707345963,"y":-0.9480790495872498,"z":0.03158435970544815,"w":0.31676003336906435},"size":1.112708330154419,"orthographic":false}