{"cameraMode":{"drawMode":0,"name":"Shaded","section":"Shading Mode"},"sceneLighting":false,"audioPlay":false,"sceneViewState":{"m_AlwaysRefresh":false,"showFog":true,"showSkybox":false,"showFlares":true,"showImageEffects":true,"showParticleSystems":true,"showVisualEffectGraphs":true,"m_FxEnabled":true},"in2DMode":false,"pivot":{"x":-1.3772406578063965,"y":5.458855628967285,"z":-1.8553733825683594},"rotation":{"x":-0.4303193688392639,"y":0.04657734930515289,"z":-0.021509133279323579,"w":-0.9017364978790283},"size":2.1094448566436769,"orthographic":false}