{"cameraMode":{"drawMode":0,"name":"Shaded","section":"Shading Mode"},"sceneLighting":false,"audioPlay":false,"sceneViewState":{"m_AlwaysRefresh":false,"showFog":true,"showSkybox":false,"showFlares":true,"showImageEffects":true,"showParticleSystems":true,"showVisualEffectGraphs":true,"m_FxEnabled":true},"in2DMode":false,"pivot":{"x":10.773948669433594,"y":29.892250061035158,"z":2.019528388977051},"rotation":{"x":0.0021959480363875629,"y":0.7496320605278015,"z":-0.0024764365516602995,"w":0.6618706583976746},"size":3.7737605571746828,"orthographic":false}